prioridad,negocio,tipo,municipio,telefono,telefono_2,email,web,fuente,confirmado_en,notas,estado,proximo_paso
A,NUMED Medical Aesthetics Center,Med spa (4 sedes),Carolina / Guaynabo / Mayagüez / Ponce,787-425-0606,787-476-0407,,numed.com.pr,https://numed.com.pr/en/contact/,2+ fuentes,"Cadena más grande de la isla: Botox, rellenos, HydraFacial, GLP-1, sueros. Email oculto en la web: pedirlo por teléfono. Decisor probable: gerencia de mercadeo.",por contactar,Llamar / visitar
A,VIP Botox,Med spa (inyectables),San Juan (Hato Rey),787-772-0707,787-567-3377,info@vipbotox.com,vipbotox.com,https://www.vipbotox.com/,2 fuentes,Horario L-V 9-4: fuera de eso nadie contesta. Gancho perfecto.,por contactar,Llamar / visitar
A,ELEVATE Medical Spa & Wellness,Med spa + pérdida de peso,San Juan,787-778-1000,,,elevatemedspapr.com,https://elevatemedspapr.com/,2 fuentes,"Botox, rellenos, wellness y programa de peso.",por contactar,Llamar / visitar
A,Surgi Spa (Dr. Héctor Irizarry),Med spa de cirujano plástico,Guaynabo,787-474-2280,,,surgispapr.com,https://surgispapr.com/,2 fuentes,"100 Ave. San Patricio, Of. 200. L-V 8-5. Email oculto en la web.",por contactar,Llamar / visitar
A,Cañizares Plastic Surgery / Aesthetic & Wellness Spa,Cirugía plástica + med spa,San Juan (Clínica Las Américas),787-753-1999,,,drcanizares.com,https://drcanizares.com/bienestar/perdida-peso/,2 fuentes,"Botox, rellenos y tirzepatida. Ticket alto.",por contactar,Llamar / visitar
A,Cure Aesthetics Clinic,Med spa + GLP-1 + sueros,Fajardo,787-600-7091,,contact@cureaestheticspr.com,cureaestheticspr.com,https://cureaestheticspr.com/contact/,2 fuentes,"Conquistador Plaza, Suite 4. Cierra martes y miércoles: esos días los mensajes se quedan sin contestar.",por contactar,Llamar / visitar
A,Dorado MD,Pérdida de peso + med spa,Dorado,787-626-3125,,,doradomd.com,https://doradomd.com/weigh-loss,2 fuentes,Clientela de alto poder adquisitivo (Dorado).,por contactar,Llamar / visitar
A,Innova Weight Loss Solutions (Dr. Federico Gregory),Clínica de peso (GLP-1),Guaynabo,787-925-2225,,info@innovaweightlosssolutions.com,innovaweightlossmd.com,https://innovaweightlossmd.com/en/,2 fuentes,El email que salió no coincide con el dominio de la web: confirmar antes de escribir.,por contactar,Llamar / visitar
A,QualiMed Aesthetics,Med spa + atención primaria,San Juan (Parque Central),787-940-4094,787-940-6156,qualimedaestheticspr@gmail.com,qualimedaesthetics.com,https://qualimedaesthetics.com/contact-us/,1 fuente,"L-V 8-6, sábados por cita.",por contactar,Llamar / visitar
A,Bras Medical Spa,Med spa,San Juan (Condado),787-753-5500,,skincare@brasmedicalspa.com,brasmedicalspa.com,https://brasmedicalspa.com/pages/contact,1 fuente,"75 Ave. Condado. Clientela turista: inglés y español, justo lo que hace Clara.",por contactar,Llamar / visitar
A,Spacielle Medical Spa Laser Center,Med spa + láser + sueros,Caguas,787-945-0698,787-370-2750,info@spacielle.com,spacielle.com,https://spacielle.com/,1 fuente,Cierra domingo y lunes.,por contactar,Llamar / visitar
A,Illuminate Aesthetics & Wellness,Med spa + wellness,Bayamón,787-626-9117,,illuminate.pr1@gmail.com,illuminateaestheticspr.com,https://illuminateaestheticspr.com/contact/,2 fuentes,Botox y rellenos.,por contactar,Llamar / visitar
A,Belladonna Medical Wellness,Med spa + wellness,Bayamón (Shopping Capri),787-449-8806,787-200-5685,belladonna.bayamon@gmail.com,belladonnamedical.com,https://belladonnamedical.com/contact-us-2/,2 fuentes,"Aparecen varios teléfonos (787-946-9998, 787-200-5686): confirmar.",por contactar,Llamar / visitar
A,Angelorum Med Spa,Med spa + medicina regenerativa,Vega Alta (también Naranjito y Dorado),787-915-7771,787-270-4747,info@angelorumpr.com,angelorummedspa.com,https://www.angelorummedspa.com/,2 fuentes,Varias sedes: plan Completo x sede.,por contactar,Llamar / visitar
A,Icala Medical Aesthetics,Med spa,Aguadilla,787-422-6349,,icalamedical@gmail.com,icalamedical.com,http://www.icalamedical.com/contact/,2 fuentes,"Solo abre mié, vie y sáb de 9 a 2: la mayoría de los mensajes llegan con la oficina cerrada.",por contactar,Llamar / visitar
A,Mobile IV Puerto Rico,Sueroterapia a domicilio,"Área metro (San Juan, Bayamón, Carolina)",787-652-9200,,,mobileivpuertorico.com,https://mobileivpuertorico.com/,1 fuente,Todo se reserva por mensaje: el agendamiento es su negocio.,por contactar,Llamar / visitar
B,Mansito Clinic (MedSpa),Medicina de familia + med spa,Dorado,787-278-1000,,,mansitomd.com,https://mansitomd.com/help-info/medspa/,1 fuente,Dra. Claudia Mansito.,por contactar,Llamar / visitar
B,Obesity Medicine Clinic (Dra. Carivette Toro Quiñones),Clínica de peso,San Juan,787-470-8881,,,obesitymedicineclinic.com,https://obesitymedicineclinic.com/,1 fuente,Más médica que estética.,por contactar,Llamar / visitar
B,DermGroup PR,Dermatología + estética,San Juan (Torre de Plaza),787-281-0784,,,dermgrouppr.com,https://dermgrouppr.com/,1 fuente,"525 Ave. Roosevelt, Suite 801. L-V 8-5.",por contactar,Llamar / visitar
B,FaceBody Bar,"Estética (microblading, faciales)",San Juan (Condado),787-509-9049,,,facebodybar.com,https://www.fresha.com/lp/en/tt/body-sculpting-treatments/in/pr-san-juan/condado,1 fuente,,por contactar,Llamar / visitar
B,Centro de Medicina Regenerativa (CMR),Sueroterapia + dolor,Bayamón,787-780-7575,,,centrodemedicinaregenerativa.com,https://www.centrodemedicinaregenerativa.com/,1 fuente,51 Calle Dr. Santiago Veve.,por contactar,Llamar / visitar
B,IV Life Holistic Clinic,Sueroterapia,San Juan,787-475-6265,787-661-9707,,,https://mobileivpuertorico.com/location/san-juan/,1 fuente,523 Calle Sergio Cuevas Bustamante.,por contactar,Llamar / visitar
B,Med-Esthetique,Estética médica,Caguas,787-286-1655,,,,https://infopaginas.com/c/caguas/estheticians-clinics,1 fuente,,por contactar,Llamar / visitar
B,Medical & Aesthetic Solutions,Estética médica,Caguas,939-246-4040,787-743-5793,,,https://infopaginas.com/b/caguas/medical-aesthetic-solutions,1 fuente,,por contactar,Llamar / visitar
B,WM Medical Esthetic,Estética médica,Caguas,787-407-0303,,,,https://infopaginas.com/c/caguas/estheticians-clinics,1 fuente,,por contactar,Llamar / visitar
B,Facialist Med Spa,Med spa,Caguas,787-376-0226,,,,https://www.facebook.com/p/Facialist-Med-Spa-100090177469133/,1 fuente,,por contactar,Llamar / visitar
B,Pandora Spa and Esthetic Clinic,Spa + estética,Caguas,787-393-2776,,,,https://infopaginas.com/b/caguas/pandora-spa-and-estethic-clinic,1 fuente,,por contactar,Llamar / visitar
B,New Skin Esthetic Spa,Estética,Caguas,787-957-1800,,,,https://infopaginas.com/c/caguas/estheticians-clinics,1 fuente,,por contactar,Llamar / visitar
B,Bella Vista Med Aesthetic,Estética médica,Ponce,787-842-6542,787-840-0910,,,https://en.infopaginas.com/b/ponce/bella-vista-medical-a-esthetic-slash-torres-rodriguez-edith,1 fuente,Inyectables y Botox.,por contactar,Llamar / visitar
B,Innovation Medical Esthetic,Estética médica,Ponce,787-390-2983,,,,https://infopaginas.com/search/compare/ponce/estheticians-clinics,1 fuente,Ave. Las Américas 1836.,por contactar,Llamar / visitar
B,Glow Med Spa,Med spa,Ponce,787-405-1687,,,,https://infopaginas.com/search/compare/ponce/estheticians-clinics,1 fuente,,por contactar,Llamar / visitar
B,Nova Derm,Dermatología + estética,Bayamón,787-798-1993,,,,https://infopaginas.com/b/bayamon/nova-derm-5,1 fuente,Galería Médica #64 Santa Cruz.,por contactar,Llamar / visitar
B,DLT Dermatology (Dra. Eneida De La Torre Lugo),Dermatología,Bayamón,787-622-2024,,,,https://www.fresha.com/lp/en/bt/aesthetics/in/pr-bayam%C3%B3n,1 fuente,,por contactar,Llamar / visitar
B,Beauty by Bouret Med Spa,Med spa,Humacao (Palmas del Mar),939-475-8000,,,,https://en.infopaginas.com/b/humacao/beauty-by-bouret-med-spa,1 fuente,,por contactar,Llamar / visitar
B,Clínica Estética Alba & Rocío (Dra. Minela Colón),Estética médica,Humacao,787-930-6833,,,,https://infopaginas.com/c/fajardo/estheticians-clinics,1 fuente,,por contactar,Llamar / visitar
B,Dr. José I. Almodóvar,Cirugía plástica y medicina estética,Mayagüez,787-833-8393,,,,"https://superpagespr.com/es/business/search/mayaguez,-puerto-rico/k/botox",1 fuente,,por contactar,Llamar / visitar
B,Estética Vita Esthetik,Estética,San Juan,787-382-5899,,,,https://www.fresha.com/lp/en/bt/aesthetics/in/pr-san-juan,1 fuente,,por contactar,Llamar / visitar
C,PR Aesthetic Salon Spa,Salón + estética,Bayamón,939-313-3682,,,,https://infopaginas.com/b/bayamon/pr-aesthetic-salon-spa,1 fuente,Más salón que clínica.,por contactar,Llamar / visitar
C,Amor a Mi Estética & Imagen,Estética,Fajardo,787-655-2733,,,,https://infopaginas.com/c/fajardo/estheticians-clinics,1 fuente,Más salón que clínica.,por contactar,Llamar / visitar
